{
  "xyxy": [
    [
      390.4899597167969,
      225.87017822265625,
      580.3302612304688,
      361.6653747558594
    ],
    [
      329.7439270019531,
      181.0563201904297,
      423.13177490234375,
      241.2671661376953
    ],
    [
      403.354736328125,
      180.9371795654297,
      579.40771484375,
      257.10125732421875
    ],
    [
      87.64259338378906,
      247.2456817626953,
      133.1273956298828,
      305.1428527832031
    ],
    [
      193.51129150390625,
      202.14256286621094,
      238.09542846679688,
      241.43540954589844
    ],
    [
      423.934814453125,
      156.2049102783203,
      460.85833740234375,
      187.24600219726562
    ],
    [
      1.940773606300354,
      257.0700988769531,
      53.61883544921875,
      322.5525817871094
    ],
    [
      494.9052429199219,
      148.5635223388672,
      527.1513061523438,
      177.11790466308594
    ],
    [
      456.3822326660156,
      147.51600646972656,
      479.4299011230469,
      184.81063842773438
    ],
    [
      50.01402282714844,
      209.70413208007812,
      97.49447631835938,
      250.70741271972656
    ],
    [
      150.96804809570312,
      191.0859832763672,
      184.32257080078125,
      225.38775634765625
    ],
    [
      566.103515625,
      145.8255615234375,
      594.8370971679688,
      173.87486267089844
    ],
    [
      297.4676513671875,
      182.68943786621094,
      320.7889404296875,
      216.55300903320312
    ],
    [
      122.72940063476562,
      225.97694396972656,
      165.1422119140625,
      274.57037353515625
    ],
    [
      1.1100221872329712,
      197.5966339111328,
      37.375694274902344,
      235.65383911132812
    ],
    [
      236.85739135742188,
      190.70281982421875,
      279.701904296875,
      228.89280700683594
    ],
    [
      98.09513092041016,
      188.4075927734375,
      135.4058837890625,
      219.92274475097656
    ],
    [
      246.39083862304688,
      173.50283813476562,
      266.3403015136719,
      193.7940673828125
    ],
    [
      35.07121276855469,
      207.74205017089844,
      58.259281158447266,
      243.8069305419922
    ],
    [
      253.0989532470703,
      190.6339111328125,
      279.7132873535156,
      224.0393829345703
    ]
  ],
  "confidence": [
    0.9398046731948853,
    0.8323160409927368,
    0.8155769109725952,
    0.7885136008262634,
    0.7742257714271545,
    0.7724028825759888,
    0.7473909854888916,
    0.742644190788269,
    0.7193155884742737,
    0.7137336134910583,
    0.6427728533744812,
    0.6353486776351929,
    0.5776675939559937,
    0.5179259777069092,
    0.5091512799263,
    0.4273196756839752,
    0.4043608009815216,
    0.38054999709129333,
    0.2962859272956848,
    0.29512205719947815
  ],
  "class_id": [
    19,
    19,
    19,
    18,
    18,
    19,
    18,
    19,
    19,
    18,
    18,
    19,
    18,
    18,
    18,
    18,
    18,
    18,
    18,
    18
  ],
  "class_names": [
    "cow",
    "cow",
    "cow",
    "sheep",
    "sheep",
    "cow",
    "sheep",
    "cow",
    "cow",
    "sheep",
    "sheep",
    "cow",
    "sheep",
    "sheep",
    "sheep",
    "sheep",
    "sheep",
    "sheep",
    "sheep",
    "sheep"
  ]
}