epoch,time,train/box_loss,train/seg_loss,train/cls_loss,train/dfl_loss,train/sem_loss,metrics/precision(B),metrics/recall(B),metrics/mAP50(B),metrics/mAP50-95(B),metrics/precision(M),metrics/recall(M),metrics/mAP50(M),metrics/mAP50-95(M),val/box_loss,val/seg_loss,val/cls_loss,val/dfl_loss,val/sem_loss,lr/pg0,lr/pg1,lr/pg2,lr/pg3,lr/pg4,lr/pg5,lr/pg6,lr/pg7
1,829.716,1.03075,1.64458,2.20204,0.97492,0,0.8617,0.82868,0.87897,0.6335,0.84186,0.80847,0.85789,0.59045,0.87175,1.30424,1.42545,0.90132,0,0.00993902,0.00331301,0.00993902,0.00331301,0.00993902,0.00331301,0.00993902,0.00331301
2,1473.89,0.96783,1.3841,1.1266,0.94388,0,0.88284,0.83994,0.89972,0.63591,0.87271,0.83066,0.8842,0.60867,0.87525,1.33407,1.18126,0.90842,0,0.0198601,0.00662002,0.0198601,0.00662002,0.0198601,0.00662002,0.0198601,0.00662002
3,2064.3,1.00861,1.38156,1.03661,0.96538,0,0.83186,0.87948,0.86974,0.61917,0.84009,0.84929,0.86106,0.5802,0.89646,1.35212,1.21005,0.93662,0,0.0297019,0.00990064,0.0297019,0.00990064,0.0297019,0.00990064,0.0297019,0.00990064
