{
  "xyxy": [
    [
      104.84979248046875,
      106.11897277832031,
      164.04190063476562,
      163.4787139892578
    ],
    [
      9.790533065795898,
      106.65910339355469,
      241.65939331054688,
      581.0
    ]
  ],
  "confidence": [
    0.9319931268692017,
    0.9218339920043945
  ],
  "class_id": [
    32,
    0
  ],
  "class_names": [
    "sports ball",
    "person"
  ]
}